Id,Position,First Name,Nickname,Last Name,FPPG,Played,Salary,Game,Team,Opponent,Injury Indicator,Injury Details,Tier,,,Roster Position
121036-89675,RB,Jonathan,Jonathan Taylor,Taylor,22.299999237060547,4,9500,LV@IND,IND,LV,,,,,,RB/FLEX
121036-86997,WR,Amon-Ra,Amon-Ra St. Brown,St. Brown,20.975000381469727,4,9300,DET@CIN,DET,CIN,,,,,,WR/FLEX
121036-129368,RB,Jahmyr,Jahmyr Gibbs,Gibbs,17.25,4,9000,DET@CIN,DET,CIN,,,,,,RB/FLEX
121036-85701,WR,Ja'Marr,Ja'Marr Chase,Chase,14.166666666666666,3,9000,DET@CIN,CIN,DET,,,,,,WR/FLEX
121036-63115,QB,Lamar,Lamar Jackson,Jackson,23.59000015258789,4,8800,HOU@BAL,BAL,HOU,Q,Hamstring,,,,QB
121036-69531,QB,Jalen,Jalen Hurts,Hurts,21.065000534057617,4,8600,DEN@PHI,PHI,DEN,,,,,,QB
121036-129458,WR,Jaxon,Jaxon Smith-Njigba,Smith-Njigba,16.075000762939453,4,8500,TB@SEA,SEA,TB,,,,,,WR/FLEX
121036-64401,RB,Saquon,Saquon Barkley,Barkley,13.925000190734863,4,8500,DEN@PHI,PHI,DEN,,,,,,RB/FLEX
121036-39280,RB,Derrick,Derrick Henry,Henry,12.75,4,8400,HOU@BAL,BAL,HOU,,,,,,RB/FLEX
121036-102785,QB,Jayden,Jayden Daniels,Daniels,19.90999984741211,2,8300,WAS@LAC,WAS,LAC,Q,Knee,,,,QB
121036-91419,WR,Nico,Nico Collins,Collins,12,4,8100,HOU@BAL,HOU,BAL,,,,,,WR/FLEX
121036-138820,RB,De'Von,De'Von Achane,Achane,16.599999745686848,3,8100,MIA@CAR,MIA,CAR,,,,,,RB/FLEX
121036-69189,QB,Justin,Justin Herbert,Herbert,20.704999923706055,4,8000,WAS@LAC,LAC,WAS,,,,,,QB
121036-86631,WR,CeeDee,CeeDee Lamb,Lamb,18.100000381469727,2,8000,DAL@NYJ,DAL,NYJ,O,Ankle,,,,WR/FLEX
121036-41535,QB,Baker,Baker Mayfield,Mayfield,20.014999389648438,4,7900,TB@SEA,TB,SEA,,,,,,QB
121036-103564,WR,Garrett,Garrett Wilson,Wilson,15.133333841959635,3,7800,DAL@NYJ,NYJ,DAL,,,,,,WR/FLEX
121036-38435,QB,Jared,Jared Goff,Goff,18.815000534057617,4,7800,DET@CIN,DET,CIN,,,,,,QB
121036-91591,QB,Justin,Justin Fields,Fields,16.75,2,7700,DAL@NYJ,NYJ,DAL,,,,,,QB
121036-152655,WR,Emeka,Emeka Egbuka,Egbuka,16.274999618530273,4,7600,TB@SEA,TB,SEA,,,,,,WR/FLEX
121036-152664,RB,Bucky,Bucky Irving,Irving,16.375,4,7600,TB@SEA,TB,SEA,Q,Undisclosed,,,,RB/FLEX
121036-174215,RB,Omarion,Omarion Hampton,Hampton,15,4,7500,WAS@LAC,LAC,WAS,,,,,,RB/FLEX
121036-120639,WR,Quentin,Quentin Johnston,Johnston,17.125,4,7500,WAS@LAC,LAC,WAS,,,,,,WR/FLEX
121036-63484,QB,Kyler,Kyler Murray,Murray,16.3700008392334,4,7500,TEN@ARI,ARI,TEN,,,,,,QB
121036-63519,QB,Daniel,Daniel Jones,Jones,20.8799991607666,4,7400,LV@IND,IND,LV,,,,,,QB
121036-57403,WR,Courtland,Courtland Sutton,Sutton,13.333333333333334,3,7400,DEN@PHI,DEN,PHI,,,,,,WR/FLEX
121036-89493,RB,Chase,Chase Brown,Brown,7.866666793823242,3,7400,DET@CIN,CIN,DET,,,,,,RB/FLEX
121036-42104,RB,Alvin,Alvin Kamara,Kamara,10.25,4,7300,NYG@NO,NO,NYG,,,,,,RB/FLEX
121036-53681,WR,Tyreek,Tyreek Hill,Hill,12.09999974568685,3,7300,MIA@CAR,MIA,CAR,,,,,,WR/FLEX
121036-31716,QB,Dak,Dak Prescott,Prescott,20.489999771118164,4,7300,DAL@NYJ,DAL,NYJ,,,,,,QB
121036-63589,QB,Sam,Sam Darnold,Darnold,14,4,7200,TB@SEA,SEA,TB,,,,,,QB
121036-167031,RB,Ashton,Ashton Jeanty,Jeanty,14.675000190734863,4,7200,LV@IND,LV,IND,,,,,,RB/FLEX
121036-112295,WR,Zay,Zay Flowers,Flowers,13.050000190734863,4,7200,HOU@BAL,BAL,HOU,,,,,,WR/FLEX
121036-102965,QB,Bo,Bo Nix,Nix,14.5,3,7100,DEN@PHI,DEN,PHI,,,,,,QB
121036-110246,WR,George,George Pickens,Pickens,16.875,4,7100,DAL@NYJ,DAL,NYJ,,,,,,WR/FLEX
121036-72846,WR,A.J.,A.J. Brown,Brown,7.775000095367432,4,7000,DEN@PHI,PHI,DEN,,,,,,WR/FLEX
121036-91750,TE,Trey,Trey McBride,McBride,10.350000381469727,4,7000,TEN@ARI,ARI,TEN,,,,,,TE/FLEX
121036-32384,WR,Mike,Mike Evans,Evans,9,3,7000,TB@SEA,TB,SEA,O,Hamstring,,,,WR/FLEX
121036-103064,RB,Breece,Breece Hall,Hall,10.166666666666666,3,7000,DAL@NYJ,NYJ,DAL,,,,,,RB/FLEX
121036-26483,QB,Geno,Geno Smith,Smith,16.6299991607666,4,7000,LV@IND,LV,IND,,,,,,QB
121036-93541,RB,Javonte,Javonte Williams,Williams,17.149999618530273,4,6900,DAL@NYJ,DAL,NYJ,,,,,,RB/FLEX
121036-151966,QB,Jaxson,Jaxson Dart,Dart,6.613333384195964,3,6900,NYG@NO,NYG,NO,Q,Hamstring,,,,QB
121036-89981,WR,Tee,Tee Higgins,Higgins,6.633333206176758,3,6900,DET@CIN,CIN,DET,,,,,,WR/FLEX
121036-90572,QB,Tua,Tua Tagovailoa,Tagovailoa,14.566666920979818,3,6800,MIA@CAR,MIA,CAR,,,,,,QB
121036-142042,RB,Trey,Trey Benson,Benson,7.224999904632568,4,6800,TEN@ARI,ARI,TEN,,,,,,RB/FLEX
121036-111631,WR,Jameson,Jameson Williams,Williams,8.850000381469727,4,6700,DET@CIN,DET,CIN,,,,,,WR/FLEX
121036-129471,QB,C.J.,C.J. Stroud,Stroud,13.869999885559082,4,6700,HOU@BAL,HOU,BAL,,,,,,QB
121036-103342,RB,Kenneth,Kenneth Walker III,Walker III,13.550000190734863,4,6700,TB@SEA,SEA,TB,,,,,,RB/FLEX
121036-152651,WR,Marvin,Marvin Harrison Jr.,Harrison Jr.,10.199999809265137,4,6600,TEN@ARI,ARI,TEN,,,,,,WR/FLEX
121036-60840,QB,Jake,Jake Browning,Browning,14.319999694824219,2,6600,DET@CIN,CIN,DET,,,,,,QB
121036-119606,QB,Bryce,Bryce Young,Young,14.354999542236328,4,6600,MIA@CAR,CAR,MIA,,,,,,QB
121036-151794,TE,Brock,Brock Bowers,Bowers,9.25,4,6500,LV@IND,LV,IND,,,,,,TE/FLEX
121036-168356,QB,Cam,Cam Ward,Ward,7.690000057220459,4,6500,TEN@ARI,TEN,ARI,,,,,,QB
121036-29253,WR,Keenan,Keenan Allen,Allen,13.274999618530273,4,6500,WAS@LAC,LAC,WAS,,,,,,WR/FLEX
121036-87787,RB,J.K.,J.K. Dobbins,Dobbins,14.533332824707031,3,6500,DEN@PHI,DEN,PHI,,,,,,RB/FLEX
121036-111557,QB,Spencer,Spencer Rattler,Rattler,14.949999809265137,4,6500,NYG@NO,NO,NYG,,,,,,QB
121036-87467,RB,Chuba,Chuba Hubbard,Hubbard,12.399999618530273,4,6400,MIA@CAR,CAR,MIA,,,,,,RB/FLEX
121036-29358,QB,Marcus,Marcus Mariota,Mariota,18.760000228881836,2,6400,WAS@LAC,WAS,LAC,,,,,,QB
121036-56018,WR,Deebo,Deebo Samuel Sr.,Samuel Sr.,13.5,4,6400,WAS@LAC,WAS,LAC,,,,,,WR/FLEX
121036-133472,WR,Ladd,Ladd McConkey,McConkey,6.349999904632568,4,6300,WAS@LAC,LAC,WAS,,,,,,WR/FLEX
121036-73273,RB,David,David Montgomery,Montgomery,13,4,6300,DET@CIN,DET,CIN,,,,,,RB/FLEX
121036-44715,QB,Cooper,Cooper Rush,Rush,0.8399999737739563,2,6200,HOU@BAL,BAL,HOU,,,,,,QB
121036-167620,WR,Tetairoa,Tetairoa McMillan,McMillan,9.949999809265137,4,6200,MIA@CAR,CAR,MIA,,,,,,WR/FLEX
121036-183240,RB,Cam,Cam Skattebo,Skattebo,11.975000381469727,4,6200,NYG@NO,NYG,NO,,,,,,RB/FLEX
121036-103539,WR,Wan'Dale,Wan'Dale Robinson,Robinson,10.425000190734863,4,6100,NYG@NO,NYG,NO,,,,,,WR/FLEX
121036-137530,TE,Tyler,Tyler Warren,Warren,10.600000381469727,4,6100,LV@IND,IND,LV,,,,,,TE/FLEX
121036-87770,WR,Chris,Chris Olave,Olave,9.125,4,6100,NYG@NO,NO,NYG,,,,,,WR/FLEX
121036-14377,QB,Tyrod,Tyrod Taylor,Taylor,13.010000228881836,2,6000,DAL@NYJ,NYJ,DAL,,,,,,QB
121036-152646,QB,Kyle,Kyle McCord,McCord,,0,6000,DEN@PHI,PHI,DEN,,,,,,QB
121036-52342,QB,Will,Will Grier,Grier,,0,6000,DAL@NYJ,DAL,NYJ,,,,,,QB
121036-104576,QB,Sam,Sam Howell,Howell,0.07999999821186066,2,6000,DEN@PHI,PHI,DEN,,,,,,QB
121036-63634,WR,Jakobi,Jakobi Meyers,Meyers,9.074999809265137,4,6000,LV@IND,LV,IND,,,,,,WR/FLEX
121036-103591,QB,Graham,Graham Mertz,Mertz,,0,6000,HOU@BAL,HOU,BAL,,,,,,QB
121036-160938,QB,Quinn,Quinn Ewers,Ewers,,0,6000,MIA@CAR,MIA,CAR,,,,,,QB
121036-86200,QB,Sean,Sean Clifford,Clifford,,0,6000,DET@CIN,CIN,DET,,,,,,QB
121036-149696,QB,Trey,Trey Lance,Lance,2.7479999542236326,5,6000,WAS@LAC,LAC,WAS,,,,,,QB
121036-93382,QB,Aidan,Aidan O'Connell,O'Connell,11.164444817437065,9,6000,LV@IND,LV,IND,IR,Wrist,,,,QB
121036-86243,QB,Will,Will Levis,Levis,10.995000203450521,12,6000,TEN@ARI,TEN,ARI,IR,Shoulder,,,,QB
121036-91390,QB,Joe,Joe Milton III,Milton III,0.6399999856948853,1,6000,DAL@NYJ,DAL,NYJ,,,,,,QB
121036-63759,RB,Tony,Tony Pollard,Pollard,9.649999618530273,4,6000,TEN@ARI,TEN,ARI,,,,,,RB/FLEX
121036-24849,QB,Jameis,Jameis Winston,Winston,13.830909035422586,11,6000,NYG@NO,NYG,NO,,,,,,QB
121036-129315,QB,Anthony,Anthony Richardson Sr.,Richardson Sr.,-0.10000000149011612,1,6000,LV@IND,IND,LV,,,,,,QB
121036-90406,QB,Zach,Zach Wilson,Wilson,1.5800000429153442,1,6000,MIA@CAR,MIA,CAR,,,,,,QB
121036-27986,QB,C.J.,C.J. Beathard,Beathard,,0,6000,DET@CIN,DET,CIN,,,,,,QB
121036-88431,QB,Tyler,Tyler Shough,Shough,0,1,6000,NYG@NO,NO,NYG,,,,,,QB
121036-92560,QB,Sam,Sam Ehlinger,Ehlinger,0,1,6000,DEN@PHI,DEN,PHI,,,,,,QB
121036-70051,QB,Tyler,Tyler Huntley,Huntley,12.731999969482422,5,6000,HOU@BAL,BAL,HOU,,,,,,QB
121036-110000,QB,Connor,Connor Bazelak,Bazelak,,0,6000,TB@SEA,TB,SEA,,,,,,QB
121036-31170,QB,Brandon,Brandon Allen,Allen,2.7866665522257485,3,6000,TEN@ARI,TEN,ARI,,,,,,QB
121036-33259,QB,Teddy,Teddy Bridgewater,Bridgewater,0.11999999731779099,1,6000,TB@SEA,TB,SEA,,,,,,QB
121036-22015,QB,Russell,Russell Wilson,Wilson,13.210000038146973,4,6000,NYG@NO,NYG,NO,,,,,,QB
121036-89607,QB,Tanner,Tanner McKee,McKee,7.204999923706055,4,6000,DEN@PHI,PHI,DEN,,,,,,QB
121036-60947,QB,Jarrett,Jarrett Stidham,Stidham,0.16666666666666666,3,6000,DEN@PHI,DEN,PHI,,,,,,QB
121036-102933,QB,Kedon,Kedon Slovis,Slovis,,0,6000,TEN@ARI,ARI,TEN,,,,,,QB
121036-30231,QB,Jacoby,Jacoby Brissett,Brissett,0.20000000298023224,1,6000,TEN@ARI,ARI,TEN,,,,,,QB
121036-89628,QB,Davis,Davis Mills,Mills,1.596666653951009,6,6000,HOU@BAL,HOU,BAL,,,,,,QB
121036-87594,QB,Sam,Sam Hartman,Hartman,,0,6000,WAS@LAC,WAS,LAC,,,,,,QB
121036-30253,QB,Jeff,Jeff Driskel,Driskel,0,1,6000,LV@IND,LV,IND,,,,,,QB
121036-64051,QB,Drew,Drew Lock,Lock,0.5,1,6000,TB@SEA,SEA,TB,,,,,,QB
121036-208467,QB,Cam,Cam Miller,Miller,,0,6000,LV@IND,LV,IND,,,,,,QB
121036-89680,TE,Jake,Jake Ferguson,Ferguson,11.324999809265137,4,6000,DAL@NYJ,DAL,NYJ,,,,,,TE/FLEX
121036-40534,QB,Mike,Mike White,White,1.1200000047683716,1,6000,DET@CIN,CIN,DET,,,,,,QB
121036-61157,QB,Brett,Brett Rypien,Rypien,0,1,6000,DET@CIN,CIN,DET,,,,,,QB
121036-86793,QB,Jake,Jake Haener,Haener,1.7799999713897705,8,6000,NYG@NO,NO,NYG,,,,,,QB
121036-28434,QB,Trevor,Trevor Siemian,Siemian,,0,6000,TEN@ARI,TEN,ARI,,,,,,QB
121036-92975,QB,Malik,Malik Cunningham,Cunningham,,0,6000,DET@CIN,DET,CIN,,,,,,QB
121036-154450,QB,Riley,Riley Leonard,Leonard,,0,6000,LV@IND,IND,LV,,,,,,QB
121036-8023,QB,Josh,Josh Johnson,Johnson,0.19499999284744263,4,6000,WAS@LAC,WAS,LAC,,,,,,QB
121036-119641,QB,Brady,Brady Cook,Cook,,0,6000,DAL@NYJ,NYJ,DAL,,,,,,QB
121036-154462,QB,Jalen,Jalen Milroe,Milroe,0.20000000298023224,2,6000,TB@SEA,SEA,TB,,,,,,QB
121036-53095,QB,Kyle,Kyle Allen,Allen,-0.20000000298023224,1,6000,DET@CIN,DET,CIN,,,,,,QB
121036-63336,QB,Joe,Joe Burrow,Burrow,7.929999828338623,2,6000,DET@CIN,CIN,DET,IR,Toe,,,,QB
121036-92020,QB,Kenny,Kenny Pickett,Pickett,3.6342857905796597,7,6000,LV@IND,LV,IND,,,,,,QB
121036-14225,QB,Andy,Andy Dalton,Dalton,3.109999895095825,2,6000,MIA@CAR,CAR,MIA,,,,,,QB
121036-56250,WR,Terry,Terry McLaurin,McLaurin,6.633333206176758,3,6000,WAS@LAC,WAS,LAC,Q,Quadriceps,,,,WR/FLEX
121036-85983,QB,Hendon,Hendon Hooker,Hooker,0.6700000166893005,4,6000,MIA@CAR,CAR,MIA,,,,,,QB
121036-129010,QB,DJ,DJ Uiagalelei,Uiagalelei,,0,6000,WAS@LAC,LAC,WAS,,,,,,QB
121036-55635,WR,Chris,Chris Godwin Jr.,Godwin Jr.,4.099999904632568,1,5900,TB@SEA,TB,SEA,,,,,,WR/FLEX
121036-69213,WR,Michael,Michael Pittman Jr.,Pittman Jr.,12.975000381469727,4,5900,LV@IND,IND,LV,,,,,,WR/FLEX
121036-53562,RB,Nick,Nick Chubb,Chubb,8.225000381469727,4,5800,HOU@BAL,HOU,BAL,,,,,,RB/FLEX
121036-90573,WR,Jaylen,Jaylen Waddle,Waddle,10.90000025431315,3,5800,MIA@CAR,MIA,CAR,,,,,,WR/FLEX
121036-90576,WR,DeVonta,DeVonta Smith,Smith,7.574999809265137,4,5800,DEN@PHI,PHI,DEN,,,,,,WR/FLEX
121036-83074,TE,Dallas,Dallas Goedert,Goedert,11.800000508626303,3,5700,DEN@PHI,PHI,DEN,,,,,,TE/FLEX
121036-103619,WR,Tre,Tre Tucker,Tucker,14.725000381469727,4,5700,LV@IND,LV,IND,,,,,,WR/FLEX
121036-103376,RB,Zach,Zach Charbonnet,Charbonnet,7.700000127156575,3,5700,TB@SEA,SEA,TB,,,,,,RB/FLEX
121036-79970,WR,Cooper,Cooper Kupp,Kupp,5.925000190734863,4,5600,TB@SEA,SEA,TB,,,,,,WR/FLEX
121036-105646,TE,Sam,Sam LaPorta,LaPorta,6.425000190734863,4,5600,DET@CIN,DET,CIN,,,,,,TE/FLEX
121036-60957,WR,KaVontae,KaVontae Turpin,Turpin,7.425000190734863,4,5600,DAL@NYJ,DAL,NYJ,,,,,,WR/FLEX
121036-110484,RB,RJ,RJ Harvey,Harvey,4.466666539510091,3,5600,DEN@PHI,DEN,PHI,,,,,,RB/FLEX
121036-52436,TE,Mark,Mark Andrews,Andrews,8.125,4,5500,HOU@BAL,BAL,HOU,,,,,,TE/FLEX
121036-151903,WR,Troy,Troy Franklin,Franklin,9.40000025431315,3,5500,DEN@PHI,DEN,PHI,,,,,,WR/FLEX
121036-60858,WR,Christian,Christian Kirk,Kirk,3.75,2,5500,HOU@BAL,HOU,BAL,,,,,,WR/FLEX
121036-117178,RB,Jacory,Jacory Croskey-Merritt,Croskey-Merritt,8.050000190734863,4,5500,WAS@LAC,WAS,LAC,,,,,,RB/FLEX
121036-63819,WR,Darius,Darius Slayton,Slayton,4.5,4,5400,NYG@NO,NYG,NO,,,,,,WR/FLEX
121036-88548,WR,Jalen,Jalen Tolbert,Tolbert,4.275000095367432,4,5400,DAL@NYJ,DAL,NYJ,,,,,,WR/FLEX
121036-138774,RB,Woody,Woody Marks,Marks,8.975000381469727,4,5400,HOU@BAL,HOU,BAL,,,,,,RB/FLEX
121036-85845,WR,Rashod,Rashod Bateman,Bateman,5.550000190734863,4,5400,HOU@BAL,BAL,HOU,,,,,,WR/FLEX
121036-64555,WR,Calvin,Calvin Ridley,Ridley,4.775000095367432,4,5300,TEN@ARI,TEN,ARI,Q,Undisclosed,,,,WR/FLEX
121036-86153,RB,Tyrone,Tyrone Tracy Jr.,Tracy Jr.,5.400000254313151,3,5300,NYG@NO,NYG,NO,O,Shoulder,,,,RB/FLEX
121036-64808,TE,Juwan,Juwan Johnson,Johnson,9.350000381469727,4,5300,NYG@NO,NO,NYG,,,,,,TE/FLEX
121036-86312,WR,Alec,Alec Pierce,Pierce,7.200000127156575,3,5300,LV@IND,IND,LV,Q,Concussion,,,,WR/FLEX
121036-170287,WR,Rashid,Rashid Shaheed,Shaheed,8.225000381469727,4,5300,NYG@NO,NO,NYG,,,,,,WR/FLEX
121036-158412,RB,Braelon,Braelon Allen,Allen,4.566666603088379,3,5300,DAL@NYJ,NYJ,DAL,,,,,,RB/FLEX
121036-16606,WR,DeAndre,DeAndre Hopkins,Hopkins,6.425000190734863,4,5200,HOU@BAL,BAL,HOU,,,,,,WR/FLEX
121036-120093,WR,Marvin,Marvin Mims Jr.,Mims Jr.,3.6666666666666665,3,5200,DEN@PHI,DEN,PHI,Q,Hip,,,,WR/FLEX
121036-94579,RB,Emari,Emari Demercado,Demercado,3.0333334604899087,3,5200,TEN@ARI,ARI,TEN,,,,,,RB/FLEX
121036-25011,TE,Darren,Darren Waller,Waller,,0,5200,MIA@CAR,MIA,CAR,,,,,,TE/FLEX
121036-137902,RB,Rachaad,Rachaad White,White,6.050000190734863,4,5200,TB@SEA,TB,SEA,,,,,,RB/FLEX
121036-172861,WR,Elic,Elic Ayomanor,Ayomanor,8.274999618530273,4,5200,TEN@ARI,TEN,ARI,,,,,,WR/FLEX
121036-29780,TE,Zach,Zach Ertz,Ertz,8.975000381469727,4,5100,WAS@LAC,WAS,LAC,,,,,,TE/FLEX
121036-87127,RB,Chris,Chris Rodriguez Jr.,Rodriguez Jr.,4.900000095367432,2,5100,WAS@LAC,WAS,LAC,,,,,,RB/FLEX
121036-120042,WR,Jalen,Jalen McMillan,McMillan,8.714285714285714,14,5100,TB@SEA,TB,SEA,IR,Neck,,,,WR/FLEX
121036-129305,WR,Josh,Josh Downs,Downs,4.775000095367432,4,5100,LV@IND,IND,LV,,,,,,WR/FLEX
121036-57986,WR,Hunter,Hunter Renfrow,Renfrow,6.5,4,5100,MIA@CAR,CAR,MIA,,,,,,WR/FLEX
121036-120657,RB,Kendre,Kendre Miller,Miller,5.25,4,5100,NYG@NO,NO,NYG,,,,,,RB/FLEX
121036-27477,WR,Sterling,Sterling Shepard,Shepard,5.949999809265137,4,5100,TB@SEA,TB,SEA,,,,,,WR/FLEX
121036-71521,RB,Justice,Justice Hill,Hill,8.899999618530273,4,5100,HOU@BAL,BAL,HOU,,,,,,RB/FLEX
121036-71705,TE,Noah,Noah Fant,Fant,6,3,5000,DET@CIN,CIN,DET,O,Concussion,,,,TE/FLEX
121036-103547,WR,Luke,Luke McCaffrey,McCaffrey,6.650000095367432,4,5000,WAS@LAC,WAS,LAC,,,,,,WR/FLEX
121036-71845,RB,Miles,Miles Sanders,Sanders,5.675000190734863,4,5000,DAL@NYJ,DAL,NYJ,Q,Ankle,,,,RB/FLEX
121036-166112,RB,Ollie,Ollie Gordon II,Gordon II,4.133333206176758,3,5000,MIA@CAR,MIA,CAR,,,,,,RB/FLEX
121036-12532,D,Detroit,Detroit Lions,Lions,8.75,4,5000,DET@CIN,DET,CIN,,,,,,DEF
121036-110974,WR,Malik,Malik Washington,Washington,5.866666793823242,3,5000,MIA@CAR,MIA,CAR,,,,,,WR/FLEX
121036-89612,WR,Michael,Michael Wilson,Wilson,3.1500000953674316,4,5000,TEN@ARI,ARI,TEN,,,,,,WR/FLEX
121036-56809,WR,Allen,Allen Lazard,Lazard,8.300000190734863,1,4900,DAL@NYJ,NYJ,DAL,,,,,,WR/FLEX
121036-72297,RB,Rico,Rico Dowdle,Dowdle,4.699999809265137,4,4900,MIA@CAR,CAR,MIA,,,,,,RB/FLEX
121036-55042,TE,Dalton,Dalton Schultz,Schultz,5.150000095367432,4,4900,HOU@BAL,HOU,BAL,,,,,,TE/FLEX
121036-107293,RB,Tyjae,Tyjae Spears,Spears,7.584615267240084,13,4900,TEN@ARI,TEN,ARI,IR,Ankle,,,,RB/FLEX
121036-29501,WR,Brandin,Brandin Cooks,Cooks,3.825000047683716,4,4900,NYG@NO,NO,NYG,,,,,,WR/FLEX
121036-53097,WR,Josh,Josh Reynolds,Reynolds,2.799999952316284,1,4900,DAL@NYJ,NYJ,DAL,,,,,,WR/FLEX
121036-41872,TE,Evan,Evan Engram,Engram,2.6500000953674316,2,4900,DEN@PHI,DEN,PHI,,,,,,TE/FLEX
121036-56265,TE,Mike,Mike Gesicki,Gesicki,2.1000000635782876,3,4900,DET@CIN,CIN,DET,,,,,,TE/FLEX
121036-52451,RB,Samaje,Samaje Perine,Perine,0.5666666825612386,3,4800,DET@CIN,CIN,DET,,,,,,RB/FLEX
121036-185593,WR,Andrei,Andrei Iosivas,Iosivas,1.7000000476837158,1,4800,DET@CIN,CIN,DET,,,,,,WR/FLEX
121036-12555,D,Baltimore,Baltimore Ravens,Ravens,1.25,4,4800,HOU@BAL,BAL,HOU,,,,,,DEF
121036-56648,RB,Jeremy,Jeremy McNichols,McNichols,5.700000127156575,3,4800,WAS@LAC,WAS,LAC,,,,,,RB/FLEX
121036-114198,WR,Xavier,Xavier Legette,Legette,1.399999976158142,2,4800,MIA@CAR,CAR,MIA,Q,Hamstring,,,,WR/FLEX
121036-86811,TE,Cade,Cade Otton,Otton,2.133333365122477,3,4800,TB@SEA,TB,SEA,,,,,,TE/FLEX
121036-128810,TE,Theo,Theo Johnson,Johnson,4.275000095367432,4,4800,NYG@NO,NYG,NO,,,,,,TE/FLEX
121036-68712,WR,Tyler,Tyler Johnson,Johnson,2.7666667302449546,3,4700,DAL@NYJ,NYJ,DAL,,,,,,WR/FLEX
121036-168054,TE,Mason,Mason Taylor,Taylor,2.433333396911621,3,4700,DAL@NYJ,NYJ,DAL,,,,,,TE/FLEX
121036-87260,TE,Isaiah,Isaiah Likely,Likely,7.100000169542101,18,4700,HOU@BAL,BAL,HOU,,,,,,TE/FLEX
121036-151789,WR,Adonai,Adonai Mitchell,Mitchell,3.799999952316284,4,4700,LV@IND,IND,LV,,,,,,WR/FLEX
121036-12535,D,Indianapolis,Indianapolis Colts,Colts,8.5,4,4700,LV@IND,IND,LV,,,,,,DEF
121036-152103,RB,Jaylen,Jaylen Wright,Wright,1.9384615971491888,13,4700,MIA@CAR,MIA,CAR,,,,,,RB/FLEX
121036-137953,TE,AJ,AJ Barner,Barner,6,4,4700,TB@SEA,SEA,TB,,,,,,TE/FLEX
121036-147315,WR,Jayden,Jayden Higgins,Higgins,4.349999904632568,4,4700,HOU@BAL,HOU,BAL,,,,,,WR/FLEX
121036-70603,RB,Devin,Devin Singletary,Singletary,1.3250000476837158,4,4700,NYG@NO,NYG,NO,,,,,,RB/FLEX
121036-60451,TE,Tyler,Tyler Conklin,Conklin,2.3333333333333335,3,4600,WAS@LAC,LAC,WAS,,,,,,TE/FLEX
121036-28744,RB,Raheem,Raheem Mostert,Mostert,7.800000190734863,1,4600,LV@IND,LV,IND,,,,,,RB/FLEX
121036-88297,TE,Chig,Chig Okonkwo,Okonkwo,4.724999904632568,4,4600,TEN@ARI,TEN,ARI,,,,,,TE/FLEX
121036-12545,D,Philadelphia,Philadelphia Eagles,Eagles,8.75,4,4600,DEN@PHI,PHI,DEN,,,,,,DEF
121036-89627,WR,Brycen,Brycen Tremayne,Tremayne,4.633333206176758,3,4600,MIA@CAR,CAR,MIA,,,,,,WR/FLEX
121036-134837,WR,Tory,Tory Horton,Horton,7.099999904632568,4,4600,TB@SEA,SEA,TB,,,,,,WR/FLEX
121036-201547,WR,Jalen,Jalen Coker,Coker,6.6299997965494795,12,4600,MIA@CAR,CAR,MIA,IR,Quadriceps,,,,WR/FLEX
121036-64389,WR,Nick,Nick Westbrook-Ikhine,Westbrook-Ikhine,2,2,4600,MIA@CAR,MIA,CAR,,,,,,WR/FLEX
121036-137122,RB,Tahj,Tahj Brooks,Brooks,1.7000000476837158,1,4600,DET@CIN,CIN,DET,,,,,,RB/FLEX
121036-91101,TE,Tommy,Tommy Tremble,Tremble,4.875,4,4600,MIA@CAR,CAR,MIA,,,,,,TE/FLEX
121036-119788,WR,Xavier,Xavier Hutchinson,Hutchinson,3.549999952316284,4,4600,HOU@BAL,HOU,BAL,,,,,,WR/FLEX
121036-130270,TE,Adam,Adam Trautman,Trautman,4.75,2,4500,DEN@PHI,DEN,PHI,,,,,,TE/FLEX
121036-91361,RB,Hassan,Hassan Haskins,Haskins,0,3,4500,WAS@LAC,LAC,WAS,,,,,,RB/FLEX
121036-158983,TE,Ja'Tavion,Ja'Tavion Sanders,Sanders,4.899999936421712,3,4500,MIA@CAR,CAR,MIA,Q,Ankle,,,,TE/FLEX
121036-12550,D,Seattle,Seattle Seahawks,Seahawks,12.75,4,4500,TB@SEA,SEA,TB,,,,,,DEF
121036-151909,WR,Dont'e,Dont'e Thornton Jr.,Thornton Jr.,2.9749999046325684,4,4500,LV@IND,LV,IND,,,,,,WR/FLEX
121036-27050,WR,Tyler,Tyler Lockett,Lockett,1.899999976158142,4,4500,TEN@ARI,TEN,ARI,,,,,,WR/FLEX
121036-87515,WR,Tylan,Tylan Wallace,Wallace,3.7999998728434243,3,4500,HOU@BAL,BAL,HOU,,,,,,WR/FLEX
121036-201233,WR,Ryan,Ryan Flournoy,Flournoy,3.3499999046325684,2,4500,DAL@NYJ,DAL,NYJ,,,,,,WR/FLEX
121036-128693,RB,Tank,Tank Bigsby,Bigsby,0.40000001589457196,3,4500,DEN@PHI,PHI,DEN,,,,,,RB/FLEX
121036-158438,TE,Oronde,Oronde Gadsden II,Gadsden II,4.849999904632568,2,4500,WAS@LAC,LAC,WAS,,,,,,TE/FLEX
121036-70422,WR,Kalif,Kalif Raymond,Raymond,3.6500000953674316,4,4500,DET@CIN,DET,CIN,,,,,,WR/FLEX
121036-69558,WR,Greg,Greg Dortch,Dortch,2.4000000953674316,4,4500,TEN@ARI,ARI,TEN,,,,,,WR/FLEX
121036-128986,WR,Jaylin,Jaylin Lane,Lane,2.8499999046325684,4,4500,WAS@LAC,WAS,LAC,,,,,,WR/FLEX
121036-103511,WR,Devaughn,Devaughn Vele,Vele,4.300000190734863,2,4400,NYG@NO,NO,NYG,,,,,,WR/FLEX
121036-129112,WR,Chimere,Chimere Dike,Dike,1.0750000476837158,4,4400,TEN@ARI,TEN,ARI,,,,,,WR/FLEX
121036-170188,TE,Tanner,Tanner Conner,Conner,2.4000000953674316,2,4400,MIA@CAR,MIA,CAR,,,,,,TE/FLEX
121036-12546,D,Arizona,Arizona Cardinals,Cardinals,7.25,4,4400,TEN@ARI,ARI,TEN,,,,,,DEF
121036-41305,WR,Zay,Zay Jones,Jones,2.200000047683716,2,4400,TEN@ARI,ARI,TEN,Q,Concussion,,,,WR/FLEX
121036-94887,RB,Tyler,Tyler Badie,Badie,2.9000000953674316,2,4400,DEN@PHI,DEN,PHI,,,,,,RB/FLEX
121036-152258,TE,Elijah,Elijah Arroyo,Arroyo,2.674999952316284,4,4400,TB@SEA,SEA,TB,,,,,,TE/FLEX
121036-87815,TE,Jeremy,Jeremy Ruckert,Ruckert,4.800000190734863,2,4400,DAL@NYJ,NYJ,DAL,,,,,,TE/FLEX
121036-128912,WR,Mitchell,Mitchell Tinsley,Tinsley,3.9000000953674316,2,4400,DET@CIN,CIN,DET,,,,,,WR/FLEX
121036-155551,WR,Pat,Pat Bryant,Bryant,2.799999952316284,1,4400,DEN@PHI,DEN,PHI,,,,,,WR/FLEX
121036-152520,RB,Will,Will Shipley,Shipley,1.2999999523162842,2,4400,DEN@PHI,PHI,DEN,,,,,,RB/FLEX
121036-79987,WR,David,David Moore,Moore,0.7333333492279053,3,4300,MIA@CAR,CAR,MIA,Q,Elbow,,,,WR/FLEX
121036-90307,TE,Daniel,Daniel Bellinger,Bellinger,1.6000000635782878,3,4300,NYG@NO,NYG,NO,,,,,,TE/FLEX
121036-183488,WR,Isaac,Isaac TeSlaa,TeSlaa,3.7333332697550454,3,4300,DET@CIN,DET,CIN,,,,,,WR/FLEX
121036-86229,WR,Jahan,Jahan Dotson,Dotson,2.375,4,4300,DEN@PHI,PHI,DEN,,,,,,WR/FLEX
121036-12548,D,Los Angeles,Los Angeles Chargers,Chargers,6,4,4300,WAS@LAC,LAC,WAS,,,,,,DEF
121036-137488,RB,Rasheen,Rasheen Ali,Ali,0.16666666666666666,3,4300,HOU@BAL,BAL,HOU,,,,,,RB/FLEX
121036-91417,TE,Luke,Luke Schoonmaker,Schoonmaker,0.699999988079071,4,4300,DAL@NYJ,DAL,NYJ,,,,,,TE/FLEX
121036-102696,WR,John,John Metchie III,Metchie III,0.949999988079071,4,4300,DEN@PHI,PHI,DEN,,,,,,WR/FLEX
121036-56711,TE,Drew,Drew Sample,Sample,3.3999999364217124,3,4300,DET@CIN,CIN,DET,,,,,,TE/FLEX
121036-160213,RB,Isaiah,Isaiah Davis,Davis,0.9666666984558105,3,4300,DAL@NYJ,NYJ,DAL,,,,,,RB/FLEX
121036-172646,RB,Trevor,Trevor Etienne,Etienne,0.6000000238418579,4,4300,MIA@CAR,CAR,MIA,,,,,,RB/FLEX
121036-155293,RB,DJ,DJ Giddens,Giddens,1.4666666984558105,3,4300,LV@IND,IND,LV,,,,,,RB/FLEX
121036-138998,TE,Michael,Michael Mayer,Mayer,2.566666603088379,3,4300,LV@IND,LV,IND,Q,Concussion,,,,TE/FLEX
121036-156527,WR,Devontez,Devontez Walker,Walker,9.75,2,4300,HOU@BAL,BAL,HOU,,,,,,WR/FLEX
121036-166801,RB,Jaydon,Jaydon Blue,Blue,,0,4300,DAL@NYJ,DAL,NYJ,,,,,,RB/FLEX
121036-91046,TE,Brock,Brock Wright,Wright,10.300000190734863,1,4300,DET@CIN,DET,CIN,,,,,,TE/FLEX
121036-56248,WR,Noah,Noah Brown,Brown,2.549999952316284,2,4300,WAS@LAC,WAS,LAC,Q,Groin,,,,WR/FLEX
121036-86055,RB,Dameon,Dameon Pierce,Pierce,0.5,1,4200,HOU@BAL,HOU,BAL,,,,,,RB/FLEX
121036-86075,TE,Lucas,Lucas Krull,Krull,1.25,2,4200,DEN@PHI,DEN,PHI,,,,,,TE/FLEX
121036-64581,WR,Van,Van Jefferson,Jefferson,1.4666666984558105,3,4200,TEN@ARI,TEN,ARI,,,,,,WR/FLEX
121036-95370,TE,Ryan,Ryan Miller,Miller,2.8333333333333335,3,4200,TB@SEA,TB,SEA,,,,,,TE/FLEX
121036-28827,RB,Dare,Dare Ogunbowale,Ogunbowale,1.600000023841858,1,4200,HOU@BAL,HOU,BAL,,,,,,RB/FLEX
121036-170184,RB,Julius,Julius Chestnut,Chestnut,0.9333333174387614,3,4200,TEN@ARI,TEN,ARI,,,,,,RB/FLEX
121036-12531,D,Denver,Denver Broncos,Broncos,7.666666666666667,3,4200,DEN@PHI,DEN,PHI,,,,,,DEF
121036-133478,WR,Arian,Arian Smith,Smith,0.5,3,4200,DAL@NYJ,NYJ,DAL,,,,,,WR/FLEX
121036-56708,TE,Will,Will Dissly,Dissly,1.75,2,4200,WAS@LAC,LAC,WAS,Q,Knee,,,,TE/FLEX
121036-91578,RB,Zamir,Zamir White,White,1.9666666984558105,3,4200,LV@IND,LV,IND,,,,,,RB/FLEX
121036-109008,WR,Jalen,Jalen Cropper,Cropper,,0,4200,DAL@NYJ,DAL,NYJ,,,,,,WR/FLEX
121036-114231,RB,George,George Holani,Holani,1.0666666825612385,3,4200,TB@SEA,SEA,TB,,,,,,RB/FLEX
121036-102986,TE,Elijah,Elijah Higgins,Higgins,2.5,3,4200,TEN@ARI,ARI,TEN,,,,,,TE/FLEX
121036-104012,WR,Ashton,Ashton Dulin,Dulin,1.2666666507720947,3,4200,LV@IND,IND,LV,,,,,,WR/FLEX
121036-152148,TE,Gunnar,Gunnar Helm,Helm,2.4749999046325684,4,4200,TEN@ARI,TEN,ARI,,,,,,TE/FLEX
121036-128624,WR,Tez,Tez Johnson,Johnson,0.5999999841054281,3,4200,TB@SEA,TB,SEA,,,,,,WR/FLEX
121036-86682,TE,Grant,Grant Calcaterra,Calcaterra,1.600000023841858,2,4200,DEN@PHI,PHI,DEN,,,,,,TE/FLEX
121036-88752,WR,Charlie,Charlie Jones,Jones,0,3,4200,DET@CIN,CIN,DET,,,,,,WR/FLEX
121036-56059,WR,Trent,Trent Sherfield Sr.,Sherfield Sr.,0.800000011920929,2,4200,DEN@PHI,DEN,PHI,,,,,,WR/FLEX
121036-69451,TE,Jack,Jack Stoll,Stoll,5.150000095367432,2,4200,NYG@NO,NO,NYG,,,,,,TE/FLEX
121036-85842,TE,Brevyn,Brevyn Spann-Ford,Spann-Ford,0.4000000059604645,2,4200,DAL@NYJ,DAL,NYJ,,,,,,TE/FLEX
121036-93150,WR,Jake,Jake Bobo,Bobo,2.200000047683716,1,4200,TB@SEA,SEA,TB,,,,,,WR/FLEX
121036-85986,TE,James,James Mitchell,Mitchell,2.700000047683716,1,4200,MIA@CAR,CAR,MIA,,,,,,TE/FLEX
121036-137265,TE,Ben,Ben Sinnott,Sinnott,1.2000000476837158,1,4100,WAS@LAC,WAS,LAC,,,,,,TE/FLEX
121036-105648,RB,Tyler,Tyler Goodson,Goodson,0.550000011920929,2,4100,LV@IND,IND,LV,Q,Groin,,,,RB/FLEX
121036-151741,WR,Jack,Jack Bech,Bech,2.1500000953674316,2,4100,LV@IND,LV,IND,,,,,,WR/FLEX
121036-93391,TE,Payne,Payne Durham,Durham,0,1,4100,TB@SEA,TB,SEA,,,,,,TE/FLEX
121036-63717,RB,Alec,Alec Ingold,Ingold,1.4500000476837158,2,4100,MIA@CAR,MIA,CAR,,,,,,RB/FLEX
121036-12543,D,New York,New York Giants,Giants,3.25,4,4100,NYG@NO,NYG,NO,,,,,,DEF
121036-154971,RB,Devin,Devin Neal,Neal,0.8999999761581421,1,4100,NYG@NO,NO,NYG,,,,,,RB/FLEX
121036-94621,WR,Derius,Derius Davis,Davis,-0.5,3,4100,WAS@LAC,LAC,WAS,Q,Knee,,,,WR/FLEX
121036-152007,WR,Jaylin,Jaylin Noel,Noel,0.6499999761581421,4,4100,HOU@BAL,HOU,BAL,,,,,,WR/FLEX
121036-185827,RB,Jacob,Jacob Saylors,Saylors,0.36666667461395264,3,4100,DET@CIN,DET,CIN,,,,,,RB/FLEX
121036-72182,WR,Dee,Dee Eskridge,Eskridge,0.9000000158945719,3,4100,MIA@CAR,MIA,CAR,,,,,,WR/FLEX
121036-129546,WR,Tre',Tre' Harris,Harris,1.5,4,4100,WAS@LAC,LAC,WAS,,,,,,WR/FLEX
121036-89613,WR,Simi,Simi Fehoko,Fehoko,2.720000076293945,5,4100,TEN@ARI,ARI,TEN,Q,Concussion,,,,WR/FLEX
121036-201260,WR,Mason,Mason Tipton,Tipton,1.8777777353922527,9,4100,NYG@NO,NO,NYG,,,,,,WR/FLEX
121036-152128,WR,Dominic,Dominic Lovett,Lovett,,0,4100,DET@CIN,DET,CIN,,,,,,WR/FLEX
121036-85635,TE,Charlie,Charlie Kolar,Kolar,3.200000047683716,1,4100,HOU@BAL,BAL,HOU,,,,,,TE/FLEX
121036-139094,WR,Jalin,Jalin Hyatt,Hyatt,0,1,4100,NYG@NO,NYG,NO,,,,,,WR/FLEX
121036-137059,RB,Sean,Sean Tucker,Tucker,0.05000000074505806,4,4100,TB@SEA,TB,SEA,,,,,,RB/FLEX
121036-91055,WR,Kevin,Kevin Austin Jr.,Austin Jr.,0,1,4100,NYG@NO,NO,NYG,,,,,,WR/FLEX
121036-93107,RB,A.J.,A.J. Dillon,Dillon,1.5333333015441895,3,4100,DEN@PHI,PHI,DEN,,,,,,RB/FLEX
121036-70601,TE,Harrison,Harrison Bryant,Bryant,0,1,4100,HOU@BAL,HOU,BAL,,,,,,TE/FLEX
121036-24533,TE,Mo,Mo Alie-Cox,Alie-Cox,1.899999976158142,2,4100,LV@IND,IND,LV,,,,,,TE/FLEX
121036-104424,RB,Craig,Craig Reynolds,Reynolds,0.4000000059604645,1,4100,DET@CIN,DET,CIN,,,,,,RB/FLEX
121036-72705,TE,John,John Bates,Bates,1.1538461538461537,13,4000,WAS@LAC,WAS,LAC,Q,Groin,,,,TE/FLEX
121036-70661,WR,Velus,Velus Jones Jr.,Jones Jr.,0,2,4000,NYG@NO,NO,NYG,,,,,,WR/FLEX
121036-156684,RB,Kye,Kye Robichaux,Robichaux,,0,4000,DET@CIN,DET,CIN,IR,Undisclosed,,,,RB/FLEX
121036-72725,TE,Irv,Irv Smith Jr.,Smith Jr.,0.699999988079071,1,4000,HOU@BAL,HOU,BAL,IR,Ankle,,,,TE/FLEX
121036-111637,TE,Cade,Cade Stover,Stover,4.199999809265137,1,4000,HOU@BAL,HOU,BAL,IR,Foot,,,,TE/FLEX
121036-110616,TE,Treyton,Treyton Welch,Welch,,0,4000,NYG@NO,NO,NYG,,,,,,TE/FLEX
121036-86047,RB,Malik,Malik Davis,Davis,,0,4000,DAL@NYJ,DAL,NYJ,,,,,,RB/FLEX
121036-137254,RB,Deuce,Deuce Vaughn,Vaughn,1.7166666984558105,6,4000,DEN@PHI,DEN,PHI,,,,,,RB/FLEX
121036-138277,WR,Jalen,Jalen Brooks,Brooks,2.284615443303035,13,4000,DAL@NYJ,DAL,NYJ,,,,,,WR/FLEX
121036-154661,WR,Michael,Michael Bandy,Bandy,,0,4000,DEN@PHI,DEN,PHI,,,,,,WR/FLEX
121036-88109,RB,Gary,Gary Brightwell,Brightwell,0,1,4000,DET@CIN,CIN,DET,,,,,,RB/FLEX
121036-152628,TE,Thomas,Thomas Fidone II,Fidone II,,0,4000,NYG@NO,NYG,NO,,,,,,TE/FLEX
121036-87109,WR,Bryce,Bryce Oliver,Oliver,1.2999999523162842,1,4000,TEN@ARI,TEN,ARI,Q,Knee,,,,WR/FLEX
121036-72776,RB,Alexander,Alexander Mattison,Mattison,7.96000010172526,15,4000,MIA@CAR,MIA,CAR,IR,Neck,,,,RB/FLEX
121036-87117,TE,Brenden,Brenden Bates,Bates,0,1,4000,HOU@BAL,HOU,BAL,,,,,,TE/FLEX
121036-103506,TE,Nick,Nick Kallerup,Kallerup,,0,4000,TB@SEA,SEA,TB,,,,,,TE/FLEX
121036-86113,WR,Ihmir,Ihmir Smith-Marsette,Smith-Marsette,0.4,15,4000,NYG@NO,NYG,NO,,,,,,WR/FLEX
121036-169067,TE,Bryce,Bryce Pierre,Pierre,,0,4000,MIA@CAR,CAR,MIA,,,,,,TE/FLEX
121036-68714,TE,Ko,Ko Kieft,Kieft,0,1,4000,TB@SEA,TB,SEA,IR,Leg,,,,TE/FLEX
121036-86125,WR,Brandon,Brandon Smith,Smith,,0,4000,DAL@NYJ,NYJ,DAL,,,,,,WR/FLEX
121036-79980,TE,Eric,Eric Saubert,Saubert,0.8500000238418579,2,4000,TB@SEA,SEA,TB,,,,,,TE/FLEX
121036-158836,RB,Lucas,Lucas Scott,Scott,,0,4000,HOU@BAL,BAL,HOU,,,,,,RB/FLEX
121036-46200,TE,Daniel,Daniel Brunskill,Brunskill,0,1,4000,MIA@CAR,MIA,CAR,,,,,,TE/FLEX
121036-64634,WR,Alex,Alex Bachman,Bachman,0,2,4000,LV@IND,LV,IND,,,,,,WR/FLEX
121036-129147,WR,John,John Saunders Jr.,Saunders Jr.,,0,4000,MIA@CAR,MIA,CAR,,,,,,WR/FLEX
121036-68730,TE,Sean,Sean McKeon,McKeon,,0,4000,LV@IND,IND,LV,,,,,,TE/FLEX
121036-80001,RB,Austin,Austin Ekeler,Ekeler,5.300000190734863,2,4000,WAS@LAC,WAS,LAC,IR,Achilles,,,,RB/FLEX
121036-104577,WR,Gunner,Gunner Olszewski,Olszewski,0,4,4000,NYG@NO,NYG,NO,,,,,,WR/FLEX
121036-110721,WR,Dayton,Dayton Wade,Wade,,0,4000,HOU@BAL,BAL,HOU,IR,Ribs,,,,WR/FLEX
121036-83081,RB,Chase,Chase Edmonds,Edmonds,,0,4000,WAS@LAC,WAS,LAC,,,,,,RB/FLEX
121036-83083,WR,Justin,Justin Watson,Watson,2.25,2,4000,HOU@BAL,HOU,BAL,IR,Achilles,,,,WR/FLEX
121036-87179,TE,Thomas,Thomas Yassmin,Yassmin,,0,4000,WAS@LAC,LAC,WAS,,,,,,TE/FLEX
121036-168076,RB,Sione,Sione Vaki,Vaki,1.3199999809265137,5,4000,DET@CIN,DET,CIN,Q,Groin,,,,RB/FLEX
121036-152717,WR,Beaux,Beaux Collins,Collins,,0,4000,NYG@NO,NYG,NO,,,,,,WR/FLEX
121036-143509,TE,Caleb,Caleb Lohner,Lohner,,0,4000,DEN@PHI,DEN,PHI,,,,,,TE/FLEX
121036-54426,TE,Andrew,Andrew Beck,Beck,0,2,4000,DAL@NYJ,NYJ,DAL,,,,,,TE/FLEX
121036-63646,TE,Lawrence,Lawrence Cager,Cager,,0,4000,WAS@LAC,WAS,LAC,,,,,,TE/FLEX
121036-135325,TE,Rivaldo,Rivaldo Fairweather,Fairweather,,0,4000,DAL@NYJ,DAL,NYJ,,,,,,TE/FLEX
121036-83117,TE,Tanner,Tanner Hudson,Hudson,3.2222222222222223,9,4000,DET@CIN,CIN,DET,,,,,,TE/FLEX
121036-151726,TE,Robbie,Robbie Ouzts,Ouzts,,0,4000,TB@SEA,SEA,TB,IR,Ankle,,,,TE/FLEX
121036-201903,WR,Coleman,Coleman Owen,Owen,,0,4000,LV@IND,IND,LV,,,,,,WR/FLEX
121036-52409,RB,Jakob,Jakob Johnson,Johnson,,0,4000,HOU@BAL,HOU,BAL,IR,Hamstring,,,,RB/FLEX
121036-86203,WR,Justin,Justin Shorter,Shorter,0,1,4000,LV@IND,LV,IND,,,,,,WR/FLEX
121036-151737,TE,E.J.,E.J. Jenkins,Jenkins,2.3999999364217124,3,4000,DEN@PHI,PHI,DEN,,,,,,TE/FLEX
121036-65724,RB,JaMycal,JaMycal Hasty,Hasty,2.1636362942782315,11,4000,MIA@CAR,MIA,CAR,,,,,,RB/FLEX
121036-83138,TE,Ross,Ross Dwelley,Dwelley,1,1,4000,DET@CIN,DET,CIN,,,,,,TE/FLEX
121036-70859,TE,Albert,Albert Okwuegbunam Jr.,Okwuegbunam Jr.,,0,4000,LV@IND,LV,IND,,,,,,TE/FLEX
121036-151761,WR,Malik,Malik Nabers,Nabers,12.774999618530273,4,4000,NYG@NO,NYG,NO,O,Knee,,,,WR/FLEX
121036-25813,WR,Phillip,Phillip Dorsett II,Dorsett II,,0,4000,LV@IND,LV,IND,,,,,,WR/FLEX
121036-95455,WR,D.J.,D.J. Montgomery,Montgomery,,0,4000,LV@IND,IND,LV,IR,Undisclosed,,,,WR/FLEX
121036-169185,WR,Jamaal,Jamaal Pritchett,Pritchett,,0,4000,DAL@NYJ,NYJ,DAL,,,,,,WR/FLEX
121036-170214,WR,Dennis,Dennis Houston,Houston,,0,4000,TB@SEA,TB,SEA,,,,,,WR/FLEX
121036-130276,WR,Mason,Mason Kinsey,Kinsey,0.5400000095367432,5,4000,TEN@ARI,TEN,ARI,,,,,,WR/FLEX
121036-110834,WR,Tahj,Tahj Washington,Washington,,0,4000,MIA@CAR,MIA,CAR,,,,,,WR/FLEX
121036-151799,WR,Jackson,Jackson Meeks,Meeks,,0,4000,DET@CIN,DET,CIN,,,,,,WR/FLEX
121036-61693,TE,Danny,Danny Pinter,Pinter,0,1,4000,LV@IND,IND,LV,,,,,,TE/FLEX
121036-71935,WR,Kendric,Kendric Pryor,Pryor,1.399999976158142,1,4000,DET@CIN,CIN,DET,,,,,,WR/FLEX
121036-55552,RB,Jeff,Jeff Wilson Jr.,Wilson Jr.,1.1375000476837158,8,4000,MIA@CAR,MIA,CAR,,,,,,RB/FLEX
121036-12552,D,Washington,Washington Commanders,Commanders,6,4,4000,WAS@LAC,WAS,LAC,,,,,,DEF
121036-91401,WR,Ronnie,Ronnie Bell,Bell,0.6400000095367432,5,4000,DET@CIN,DET,CIN,,,,,,WR/FLEX
121036-52495,WR,Braxton,Braxton Berrios,Berrios,0,6,4000,HOU@BAL,HOU,BAL,,,,,,WR/FLEX
121036-71957,WR,Quintez,Quintez Cephus,Cephus,,0,4000,HOU@BAL,HOU,BAL,,,,,,WR/FLEX
121036-110868,RB,Josh,Josh Williams,Williams,,0,4000,TB@SEA,TB,SEA,,,,,,RB/FLEX
121036-33047,WR,Chris,Chris Moore,Moore,2.7666667302449546,3,4000,WAS@LAC,WAS,LAC,,,,,,WR/FLEX
121036-92479,TE,David,David Martin-Robinson,Martin-Robinson,0.2750000059604645,4,4000,TEN@ARI,TEN,ARI,,,,,,TE/FLEX
121036-149832,TE,Shane,Shane Zylstra,Zylstra,1.350000023841858,2,4000,DET@CIN,DET,CIN,IR,Ankle,,,,TE/FLEX
121036-137567,TE,Jalin,Jalin Conyers,Conyers,,0,4000,MIA@CAR,MIA,CAR,IR,Leg,,,,TE/FLEX
121036-93539,RB,Michael,Michael Carter,Carter,0.10000000149011612,1,4000,TEN@ARI,ARI,TEN,,,,,,RB/FLEX
121036-93540,RB,British,British Brooks,Brooks,0.20000000298023224,1,4000,HOU@BAL,HOU,BAL,,,,,,RB/FLEX
121036-153957,TE,Zaire,Zaire Mitchell-Paden,Mitchell-Paden,0,1,4000,HOU@BAL,BAL,HOU,,,,,,TE/FLEX
121036-151914,TE,Moliki,Moliki Matavao,Matavao,,0,4000,NYG@NO,NO,NYG,,,,,,TE/FLEX
121036-63851,TE,Tyree,Tyree Jackson,Jackson,,0,4000,WAS@LAC,WAS,LAC,IR,Undisclosed,,,,TE/FLEX
121036-133484,WR,Jermaine,Jermaine Burton,Burton,1.587499976158142,8,4000,DET@CIN,CIN,DET,,,,,,WR/FLEX
121036-90480,TE,Joel,Joel Wilson,Wilson,,0,4000,TEN@ARI,TEN,ARI,,,,,,TE/FLEX
121036-90483,TE,Bernhard,Bernhard Raimann,Raimann,0,1,4000,LV@IND,IND,LV,,,,,,TE/FLEX
121036-71031,WR,Lil'Jordan,Lil'Jordan Humphrey,Humphrey,3.4857142312186107,14,4000,NYG@NO,NYG,NO,,,,,,WR/FLEX
121036-185728,TE,Patrick,Patrick Murtagh,Murtagh,,0,4000,DEN@PHI,DEN,PHI,,,,,,TE/FLEX
121036-114054,WR,Dalen,Dalen Cambre,Cambre,,0,4000,NYG@NO,NYG,NO,,,,,,WR/FLEX
121036-94600,WR,John,John Stephens Jr.,Stephens Jr.,,0,4000,DAL@NYJ,DAL,NYJ,IR,Undisclosed,,,,WR/FLEX
121036-183693,WR,Da'Quan,Da'Quan Felton,Felton,,0,4000,NYG@NO,NYG,NO,IR,Undisclosed,,,,WR/FLEX
121036-87442,TE,Princeton,Princeton Fant,Fant,0,2,4000,DAL@NYJ,DAL,NYJ,,,,,,TE/FLEX
121036-90522,TE,Cameron,Cameron Latu,Latu,,0,4000,DEN@PHI,PHI,DEN,,,,,,TE/FLEX
121036-138649,WR,LaJohntay,LaJohntay Wester,Wester,0,3,4000,HOU@BAL,BAL,HOU,,,,,,WR/FLEX
121036-92573,TE,Travis,Travis Vokolek,Vokolek,0,1,4000,TEN@ARI,ARI,TEN,,,,,,TE/FLEX
121036-114079,TE,Hayden,Hayden Rucci,Rucci,,0,4000,MIA@CAR,MIA,CAR,,,,,,TE/FLEX
121036-93600,WR,Bryce,Bryce Ford-Wheaton,Ford-Wheaton,0,1,4000,NYG@NO,NYG,NO,IR,Achilles,,,,WR/FLEX
121036-60838,WR,Andre,Andre Baccellia,Baccellia,,0,4000,TEN@ARI,ARI,TEN,,,,,,WR/FLEX
121036-112041,WR,Isaiah,Isaiah Williams,Williams,0,1,4000,DAL@NYJ,NYJ,DAL,,,,,,WR/FLEX
121036-80299,RB,Patrick,Patrick Ricard,Ricard,2.616666634877523,6,4000,HOU@BAL,BAL,HOU,Q,Calf,,,,RB/FLEX
121036-87469,TE,Jelani,Jelani Woods,Woods,,0,4000,DAL@NYJ,NYJ,DAL,,,,,,TE/FLEX
121036-112044,WR,Dalevon,Dalevon Campbell,Campbell,,0,4000,MIA@CAR,CAR,MIA,,,,,,WR/FLEX
121036-92590,RB,Raheem,Raheem Blackshear,Blackshear,0.5333333333333333,15,4000,TEN@ARI,TEN,ARI,,,,,,RB/FLEX
121036-114109,WR,Ainias,Ainias Smith,Smith,2.839999961853027,5,4000,MIA@CAR,CAR,MIA,,,,,,WR/FLEX
121036-206276,WR,Jaden,Jaden Smith,Smith,,0,4000,TB@SEA,TB,SEA,IR,Undisclosed,,,,WR/FLEX
121036-26057,RB,Michael,Michael Burton,Burton,2.209090839732777,11,4000,DEN@PHI,DEN,PHI,IR,Hamstring,,,,RB/FLEX
121036-90575,RB,Najee,Najee Harris,Harris,3.366666793823242,3,4000,WAS@LAC,LAC,WAS,IR,Achilles,,,,RB/FLEX
121036-109007,WR,Josh,Josh Kelly,Kelly,,0,4000,HOU@BAL,HOU,BAL,,,,,,WR/FLEX
121036-54746,TE,Tyler,Tyler Ott,Ott,0,1,4000,WAS@LAC,WAS,LAC,,,,,,TE/FLEX
121036-157150,RB,Audric,Audric Estime,Estime,3.553846212533804,13,4000,DEN@PHI,PHI,DEN,,,,,,RB/FLEX
121036-134627,RB,Lawrance,Lawrance Toafili,Toafili,,0,4000,DAL@NYJ,NYJ,DAL,,,,,,RB/FLEX
121036-102882,WR,Anthony,Anthony Gould,Gould,0,3,4000,LV@IND,IND,LV,,,,,,WR/FLEX
121036-14820,RB,Nick,Nick Bellore,Bellore,0,1,4000,WAS@LAC,WAS,LAC,,,,,,RB/FLEX
121036-112101,WR,Jared,Jared Wayne,Wayne,0,1,4000,HOU@BAL,HOU,BAL,,,,,,WR/FLEX
121036-71143,TE,Kylen,Kylen Granson,Granson,0.800000011920929,2,4000,DEN@PHI,PHI,DEN,,,,,,TE/FLEX
121036-89586,TE,Tucker,Tucker Fisk,Fisk,0,2,4000,WAS@LAC,LAC,WAS,,,,,,TE/FLEX
121036-102902,WR,Trey,Trey Palmer,Palmer,2.085714340209961,14,4000,NYG@NO,NO,NYG,,,,,,WR/FLEX
121036-138746,WR,Javon,Javon Baker,Baker,0.2833333412806193,6,4000,DEN@PHI,PHI,DEN,,,,,,WR/FLEX
121036-185850,TE,Julian,Julian Hill,Hill,1.4500000476837158,2,4000,MIA@CAR,MIA,CAR,,,,,,TE/FLEX
121036-156152,WR,Tejhaun,Tejhaun Palmer,Palmer,,0,4000,TEN@ARI,ARI,TEN,,,,,,WR/FLEX
121036-185863,RB,Hunter,Hunter Luepke,Luepke,0.6000000238418579,1,4000,DAL@NYJ,DAL,NYJ,,,,,,RB/FLEX
121036-201230,RB,Dylan,Dylan Laube,Laube,0.7250000238418579,4,4000,LV@IND,LV,IND,,,,,,RB/FLEX
121036-154124,TE,Mitchell,Mitchell Evans,Evans,4.200000127156575,3,4000,MIA@CAR,CAR,MIA,,,,,,TE/FLEX
121036-128535,TE,Maximilian,Maximilian Mang,Mang,,0,4000,LV@IND,IND,LV,,,,,,TE/FLEX
121036-129560,WR,Xavier,Xavier Restrepo,Restrepo,,0,4000,TEN@ARI,TEN,ARI,,,,,,WR/FLEX
121036-160287,RB,Amar,Amar Johnson,Johnson,,0,4000,WAS@LAC,LAC,WAS,,,,,,RB/FLEX
121036-73247,RB,Kene,Kene Nwangwu,Nwangwu,0,1,4000,DAL@NYJ,NYJ,DAL,O,Hamstring,,,,RB/FLEX
121036-103966,TE,Stone,Stone Smartt,Smartt,3.828571319580078,7,4000,DAL@NYJ,NYJ,DAL,,,,,,TE/FLEX
121036-185889,TE,Tanner,Tanner Taula,Taula,,0,4000,TB@SEA,TB,SEA,,,,,,TE/FLEX
121036-226859,WR,Darius,Darius Cooper,Cooper,,0,4000,DEN@PHI,PHI,DEN,IR,Shoulder,,,,WR/FLEX
121036-60981,TE,Charlie,Charlie Heck,Heck,,0,4000,TB@SEA,TB,SEA,,,,,,TE/FLEX
121036-173626,TE,Nate,Nate Adkins,Adkins,2.8076923076923075,13,4000,DEN@PHI,DEN,PHI,,,,,,TE/FLEX
121036-226875,WR,Ja'seem,Ja'seem Reed,Reed,,0,4000,MIA@CAR,CAR,MIA,,,,,,WR/FLEX
121036-173631,RB,Dante,Dante Miller,Miller,,0,4000,NYG@NO,NYG,NO,,,,,,RB/FLEX
121036-226878,TE,Carter,Carter Runyon,Runyon,,0,4000,LV@IND,LV,IND,,,,,,TE/FLEX
121036-112192,WR,Jonathan,Jonathan Mingo,Mingo,1.6928571973528181,14,4000,DAL@NYJ,DAL,NYJ,IR,Knee - pcl,,,,WR/FLEX
121036-87621,WR,A.T.,A.T. Perry,Perry,,0,4000,DEN@PHI,DEN,PHI,,,,,,WR/FLEX
121036-114252,WR,Xavier,Xavier Weaver,Weaver,0,1,4000,TEN@ARI,ARI,TEN,,,,,,WR/FLEX
121036-54863,WR,C.J.,C.J. Goodwin,Goodwin,0,4,4000,DAL@NYJ,DAL,NYJ,,,,,,WR/FLEX
121036-18009,TE,Chris,Chris Manhertz,Manhertz,0.6000000238418579,2,4000,NYG@NO,NYG,NO,,,,,,TE/FLEX
121036-27229,RB,Ameer,Ameer Abdullah,Abdullah,7.728571210588727,14,4000,LV@IND,IND,LV,,,,,,RB/FLEX
121036-147051,RB,Jaleel,Jaleel McLaughlin,McLaughlin,5.029411764705882,17,4000,DEN@PHI,DEN,PHI,,,,,,RB/FLEX
121036-147049,TE,Drew,Drew Ogletree,Ogletree,1.9454545107754795,11,4000,LV@IND,IND,LV,,,,,,TE/FLEX
121036-131694,TE,Luke,Luke Lachey,Lachey,,0,4000,HOU@BAL,HOU,BAL,,,,,,TE/FLEX
121036-87668,WR,Shedrick,Shedrick Jackson,Jackson,,0,4000,LV@IND,LV,IND,,,,,,WR/FLEX
121036-128633,RB,Kimani,Kimani Vidal,Vidal,0,1,4000,WAS@LAC,LAC,WAS,,,,,,RB/FLEX
121036-201342,RB,Chris,Chris Collier,Collier,0.2166666587193807,6,4000,LV@IND,LV,IND,,,,,,RB/FLEX
121036-135812,WR,Quentin,Quentin Skinner,Skinner,,0,4000,DAL@NYJ,NYJ,DAL,,,,,,WR/FLEX
121036-135824,WR,Luke,Luke Grimm,Grimm,,0,4000,WAS@LAC,LAC,WAS,,,,,,WR/FLEX
121036-64147,WR,Britain,Britain Covey,Covey,1.3800000190734862,5,4000,DEN@PHI,PHI,DEN,,,,,,WR/FLEX
121036-93845,WR,Tay,Tay Martin,Martin,1.899999976158142,1,4000,WAS@LAC,WAS,LAC,,,,,,WR/FLEX
121036-110230,RB,Kenny,Kenny McIntosh,McIntosh,2.322222179836697,9,4000,TB@SEA,SEA,TB,IR,Knee - acl,,,,RB/FLEX
121036-93853,WR,Thayer,Thayer Thomas,Thomas,,0,4000,DEN@PHI,DEN,PHI,,,,,,WR/FLEX
121036-86692,TE,Thomas,Thomas Odukoya,Odukoya,,0,4000,TEN@ARI,TEN,ARI,,,,,,TE/FLEX
121036-167588,WR,Jacoby,Jacoby Jones,Jones,,0,4000,WAS@LAC,WAS,LAC,,,,,,WR/FLEX
121036-128681,TE,Caden,Caden Prieskorn,Prieskorn,,0,4000,TB@SEA,TB,SEA,,,,,,TE/FLEX
121036-85672,WR,Terrace,Terrace Marshall,Marshall,1.1199999809265138,5,4000,DEN@PHI,PHI,DEN,,,,,,WR/FLEX
121036-103083,WR,Theo,Theo Wease Jr.,Wease Jr.,,0,4000,MIA@CAR,MIA,CAR,,,,,,WR/FLEX
121036-152232,WR,Jordan,Jordan Moore,Moore,,0,4000,DET@CIN,CIN,DET,,,,,,WR/FLEX
121036-110259,WR,Treylon,Treylon Burks,Burks,1.1,5,4000,TEN@ARI,TEN,ARI,IR,Collarbone,,,,WR/FLEX
121036-61112,TE,Josiah,Josiah Deguara,Deguara,0.9666666984558105,3,4000,TEN@ARI,ARI,TEN,,,,,,TE/FLEX
121036-110274,WR,Bub,Bub Means,Means,5.574999809265137,4,4000,NYG@NO,NO,NYG,IR,Lower leg,,,,WR/FLEX
121036-193226,TE,Mason,Mason Pline,Pline,,0,4000,NYG@NO,NO,NYG,IR,Upper body,,,,TE/FLEX
121036-65231,RB,Adam,Adam Prentice,Prentice,0.8999999761581421,1,4000,DEN@PHI,DEN,PHI,,,,,,RB/FLEX
121036-63186,WR,James,James Proche II,Proche II,0.1777777804268731,9,4000,TEN@ARI,TEN,ARI,,,,,,WR/FLEX
121036-92890,WR,Cody,Cody White,White,0,1,4000,TB@SEA,SEA,TB,,,,,,WR/FLEX
121036-111325,RB,Ulysses,Ulysses Bentley IV,Bentley IV,0,1,4000,LV@IND,IND,LV,,,,,,RB/FLEX
121036-72412,RB,Khalil,Khalil Herbert,Herbert,2.2083333333333335,12,4000,TB@SEA,SEA,TB,,,,,,RB/FLEX
121036-137966,WR,A.J.,A.J. Henning,Henning,,0,4000,MIA@CAR,MIA,CAR,,,,,,WR/FLEX
121036-40687,RB,James,James Conner,Conner,9.766666412353516,3,4000,TEN@ARI,ARI,TEN,IR,Foot,,,,RB/FLEX
121036-208634,WR,Tommy,Tommy Mellott,Mellott,,0,4000,NYG@NO,NO,NYG,,,,,,WR/FLEX
121036-86778,TE,Devin,Devin Culp,Culp,3.7666667302449546,3,4000,TB@SEA,TB,SEA,,,,,,TE/FLEX
121036-157438,WR,Jimmy,Jimmy Horn Jr.,Horn Jr.,,0,4000,MIA@CAR,CAR,MIA,,,,,,WR/FLEX
121036-86780,RB,Salvon,Salvon Ahmed,Ahmed,,0,4000,LV@IND,IND,LV,IR,Ankle,,,,RB/FLEX
121036-137990,TE,Tip,Tip Reiman,Reiman,1.649999976158142,2,4000,TEN@ARI,ARI,TEN,,,,,,TE/FLEX
121036-86800,TE,Colson,Colson Yankoff,Yankoff,,0,4000,WAS@LAC,WAS,LAC,,,,,,TE/FLEX
121036-91931,TE,Greg,Greg Dulcich,Dulcich,1.3250000476837158,4,4000,MIA@CAR,MIA,CAR,,,,,,TE/FLEX
121036-114469,WR,Tyrone,Tyrone Broden,Broden,,0,4000,TB@SEA,SEA,TB,,,,,,WR/FLEX
121036-128805,WR,KeAndre,KeAndre Lambert-Smith,Lambert-Smith,0,2,4000,WAS@LAC,LAC,WAS,,,,,,WR/FLEX
121036-87844,TE,Brady,Brady Russell,Russell,0,1,4000,TB@SEA,SEA,TB,,,,,,TE/FLEX
121036-138028,RB,Kalel,Kalel Mullings,Mullings,,0,4000,TEN@ARI,TEN,ARI,IR,Ankle,,,,RB/FLEX
121036-201535,WR,Kameron,Kameron Johnson,Johnson,0,4,4000,TB@SEA,TB,SEA,,,,,,WR/FLEX
121036-72515,TE,Ian,Ian Thomas,Thomas,0.7333333492279053,3,4000,LV@IND,LV,IND,,,,,,TE/FLEX
121036-119619,WR,Traeshon,Traeshon Holden,Holden,,0,4000,DAL@NYJ,DAL,NYJ,,,,,,WR/FLEX
121036-112455,WR,Xavier,Xavier Gipson,Gipson,-2,1,4000,DEN@PHI,PHI,DEN,,,,,,WR/FLEX
121036-58189,TE,Mitchell,Mitchell Fraboni,Fraboni,0,1,4000,DEN@PHI,DEN,PHI,,,,,,TE/FLEX
121036-41806,WR,Laquon,Laquon Treadwell,Treadwell,,0,4000,LV@IND,IND,LV,,,,,,WR/FLEX
121036-91989,RB,Jordan,Jordan Mims,Mims,2.8714286259242465,7,4000,TEN@ARI,TEN,ARI,,,,,,RB/FLEX
121036-103252,RB,Zonovan,Zonovan Knight,Knight,0,2,4000,TEN@ARI,ARI,TEN,,,,,,RB/FLEX
121036-154461,WR,Ja'Corey,Ja'Corey Brooks,Brooks,,0,4000,WAS@LAC,WAS,LAC,,,,,,WR/FLEX
121036-201564,TE,Cam,Cam Grandy,Grandy,1.100000023841858,1,4000,DET@CIN,CIN,DET,,,,,,TE/FLEX
121036-192359,WR,JaQuae,JaQuae Jackson,Jackson,,0,4000,WAS@LAC,LAC,WAS,,,,,,WR/FLEX
121036-169834,WR,Dareke,Dareke Young,Young,0.8500000238418579,2,4000,TB@SEA,SEA,TB,,,,,,WR/FLEX
121036-120684,WR,Garrett,Garrett Greene,Greene,,0,4000,TB@SEA,TB,SEA,,,,,,WR/FLEX
121036-120694,WR,Ja'Lynn,Ja'Lynn Polk,Polk,2.053846212533804,13,4000,NYG@NO,NO,NYG,IR,Shoulder,,,,WR/FLEX
121036-119672,RB,Kendall,Kendall Milton,Milton,,0,4000,DET@CIN,CIN,DET,,,,,,RB/FLEX
121036-114557,WR,Cornelius,Cornelius Johnson,Johnson,,0,4000,HOU@BAL,BAL,HOU,,,,,,WR/FLEX
121036-134023,RB,Keaton,Keaton Mitchell,Mitchell,1.2600000381469727,5,4000,HOU@BAL,BAL,HOU,,,,,,RB/FLEX
121036-94087,RB,DeeJay,DeeJay Dallas,Dallas,1.5,13,4000,MIA@CAR,CAR,MIA,,,,,,RB/FLEX
121036-103302,WR,Courtney,Courtney Jackson,Jackson,,0,4000,TB@SEA,SEA,TB,,,,,,WR/FLEX
121036-103308,RB,Jawhar,Jawhar Jordan,Jordan,,0,4000,HOU@BAL,HOU,BAL,,,,,,RB/FLEX
121036-94094,TE,Brevin,Brevin Jordan,Jordan,0.8500000238418579,2,4000,HOU@BAL,HOU,BAL,IR,Knee,,,,TE/FLEX
121036-64405,WR,Dan,Dan Chisena,Chisena,1.2999999523162842,4,4000,MIA@CAR,CAR,MIA,,,,,,WR/FLEX
121036-114591,TE,William,William Wagner,Wagner,,0,4000,DET@CIN,CIN,DET,,,,,,TE/FLEX
121036-94116,TE,Will,Will Mallory,Mallory,0.612500011920929,8,4000,LV@IND,IND,LV,,,,,,TE/FLEX
121036-119722,WR,Johnny,Johnny Wilson,Wilson,1.2300000190734863,10,4000,DEN@PHI,PHI,DEN,IR,Knee,,,,WR/FLEX
121036-167849,TE,Zach,Zach Horton,Horton,,0,4000,DET@CIN,DET,CIN,,,,,,TE/FLEX
121036-45997,WR,Keith,Keith Kirkwood,Kirkwood,,0,4000,HOU@BAL,BAL,HOU,,,,,,WR/FLEX
121036-104388,WR,Tom,Tom Kennedy,Kennedy,0,3,4000,DET@CIN,DET,CIN,,,,,,WR/FLEX
121036-152522,RB,Phil,Phil Mafah,Mafah,,0,4000,DAL@NYJ,DAL,NYJ,IR,Shoulder,,,,RB/FLEX
121036-69581,WR,Cedrick,Cedrick Wilson Jr.,Wilson Jr.,3.630908966064453,11,4000,NYG@NO,NO,NYG,,,,,,WR/FLEX
121036-73687,WR,Quez,Quez Watkins,Watkins,,0,4000,DEN@PHI,PHI,DEN,Q,Undisclosed,,,,WR/FLEX
121036-72665,TE,Kenny,Kenny Yeboah,Yeboah,2.199999968210856,6,4000,DET@CIN,DET,CIN,IR,Undisclosed,,,,TE/FLEX
121036-138221,WR,Ricky,Ricky White III,White III,,0,4000,TB@SEA,SEA,TB,,,,,,WR/FLEX
121036-152574,RB,Donovan,Donovan Edwards,Edwards,,0,4000,WAS@LAC,WAS,LAC,,,,,,RB/FLEX
121036-12539,D,Miami,Miami Dolphins,Dolphins,3.3333333333333335,3,3900,MIA@CAR,MIA,CAR,,,,,,DEF
121036-12544,D,New York,New York Jets,Jets,4,3,3800,DAL@NYJ,NYJ,DAL,,,,,,DEF
121036-12551,D,Tampa Bay,Tampa Bay Buccaneers,Buccaneers,6,4,3700,TB@SEA,TB,SEA,,,,,,DEF
121036-12556,D,Houston,Houston Texans,Texans,8,4,3600,HOU@BAL,HOU,BAL,,,,,,DEF
121036-12542,D,New Orleans,New Orleans Saints,Saints,3.75,4,3500,NYG@NO,NO,NYG,,,,,,DEF
121036-12553,D,Carolina,Carolina Panthers,Panthers,6,4,3400,MIA@CAR,CAR,MIA,,,,,,DEF
121036-12534,D,Tennessee,Tennessee Titans,Titans,3,4,3300,TEN@ARI,TEN,ARI,,,,,,DEF
121036-12530,D,Dallas,Dallas Cowboys,Cowboys,1,4,3200,DAL@NYJ,DAL,NYJ,,,,,,DEF
121036-12537,D,Las Vegas,Las Vegas Raiders,Raiders,4.25,4,3100,LV@IND,LV,IND,,,,,,DEF
121036-12528,D,Cincinnati,Cincinnati Bengals,Bengals,3.6666666666666665,3,3000,DET@CIN,CIN,DET,,,,,,DEF